timestamp,user_id,result,distance
2025-11-14T03:14:20,,denied,
2025-11-14T03:14:21,,denied,
2025-11-14T03:14:21,,denied,
2025-11-14T03:14:21,,denied,
2025-11-14T03:14:21,,denied,
2025-11-14T03:14:22,,denied,
2025-11-14T03:14:22,,denied,
2025-11-14T03:14:22,,denied,
2025-11-14T03:14:22,,denied,
2025-11-14T03:14:22,,denied,
2025-11-14T03:14:23,,denied,
2025-11-14T03:14:23,,denied,
2025-11-14T03:14:23,,denied,
2025-11-14T03:14:23,,denied,
2025-11-14T03:14:23,,denied,
2025-11-14T03:14:23,,denied,
2025-11-14T03:14:24,,denied,
2025-11-14T03:14:24,,denied,
2025-11-14T03:14:24,,denied,
2025-11-14T03:14:24,,denied,
2025-11-14T03:14:24,,denied,
2025-11-14T03:14:25,,denied,
2025-11-14T03:14:25,,denied,
2025-11-14T03:14:25,,denied,
2025-11-14T03:14:25,,denied,
2025-11-14T03:14:25,,denied,
2025-11-14T03:14:26,,denied,
2025-11-14T03:14:26,,denied,
2025-11-14T03:14:26,,denied,
2025-11-14T03:14:26,,denied,
2025-11-14T03:14:26,,denied,
2025-11-14T03:14:26,,denied,
2025-11-14T03:14:27,,denied,
2025-11-14T03:14:27,,denied,
2025-11-14T03:14:27,,denied,
2025-11-14T03:14:27,,denied,
2025-11-14T03:14:27,,denied,
2025-11-14T03:14:28,,denied,
2025-11-14T03:14:28,,denied,
2025-11-14T03:14:28,,denied,
2025-11-14T03:14:28,,denied,
2025-11-14T03:14:28,,denied,
2025-11-14T03:14:28,,denied,
2025-11-14T03:14:29,,denied,
2025-11-14T03:14:29,,denied,
2025-11-14T03:14:29,,denied,
2025-11-14T03:14:36,,denied,
2025-11-14T03:14:36,,denied,
2025-11-14T03:14:37,,denied,
2025-11-14T03:14:37,,denied,
2025-11-14T03:14:37,,denied,
2025-11-14T03:14:37,,denied,
2025-11-14T03:14:37,,denied,
2025-11-14T03:14:38,,denied,
2025-11-14T03:14:38,,denied,
2025-11-14T03:14:38,,denied,
2025-11-14T03:14:38,,denied,
2025-11-14T03:14:38,,denied,
2025-11-14T03:14:38,,denied,
2025-11-14T03:14:39,,denied,
2025-11-14T03:14:39,,denied,
2025-11-14T03:14:39,,denied,
2025-11-14T03:14:39,,denied,
2025-11-14T03:14:39,,denied,
2025-11-14T03:14:40,,denied,
2025-11-14T03:14:40,,denied,
2025-11-14T03:14:40,,denied,
2025-11-14T03:14:40,,denied,
2025-11-14T03:14:40,,denied,
2025-11-14T03:14:40,,denied,
2025-11-14T03:14:41,,denied,
2025-11-14T03:14:41,,denied,
2025-11-14T03:14:41,,denied,
2025-11-14T03:14:41,,denied,
2025-11-14T03:14:41,,denied,
2025-11-14T03:14:42,,denied,
2025-11-14T03:14:42,,denied,
2025-11-14T03:14:42,,denied,
2025-11-14T03:14:42,,denied,
2025-11-14T03:14:42,,denied,
2025-11-14T03:14:42,,denied,
2025-11-14T03:14:43,,denied,
2025-11-14T03:14:43,,denied,
2025-11-14T03:14:43,,denied,
2025-11-14T03:14:43,,denied,
2025-11-14T03:14:43,,denied,
2025-11-14T03:14:44,,denied,
2025-11-14T03:14:44,,denied,
2025-11-14T03:14:44,,denied,
2025-11-14T03:14:44,,denied,
2025-11-14T03:14:44,,denied,
2025-11-14T03:14:44,,denied,
2025-11-14T03:14:45,,denied,
2025-11-14T03:14:45,,denied,
2025-11-14T03:14:45,,denied,
2025-11-14T03:14:45,,denied,
2025-11-14T03:14:45,,denied,
2025-11-14T03:14:46,,denied,
2025-11-14T03:14:46,,denied,
2025-11-14T03:14:46,,denied,
2025-11-14T03:14:46,,denied,
2025-11-14T03:14:46,,denied,
2025-11-14T03:14:46,,denied,
2025-11-14T03:14:47,,denied,
2025-11-14T03:14:47,,denied,
2025-11-14T03:14:47,,denied,
2025-11-14T03:14:47,,denied,
2025-11-14T03:14:47,,denied,
2025-11-14T03:14:48,,denied,
2025-11-14T03:14:48,,denied,
2025-11-14T03:14:48,,denied,
2025-11-14T03:14:48,,denied,
2025-11-14T03:14:48,,denied,
2025-11-14T03:14:48,,denied,
2025-11-14T03:14:49,,denied,
2025-11-14T03:14:49,,denied,
2025-11-14T03:14:49,,denied,
2025-11-14T03:14:49,,denied,
2025-11-14T03:14:49,,denied,
2025-11-14T03:14:50,,denied,
2025-11-14T03:14:50,,denied,
2025-11-14T03:14:50,,denied,
2025-11-14T03:14:50,,denied,
2025-11-14T03:14:50,,denied,
2025-11-14T03:14:50,,denied,
2025-11-14T03:14:51,,denied,
2025-11-14T03:14:51,,denied,
2025-11-14T03:14:51,,denied,
2025-11-14T03:14:51,,denied,
2025-11-14T03:14:51,,denied,
2025-11-14T03:14:52,,denied,
2025-11-14T03:14:52,,denied,
2025-11-14T03:14:52,,denied,
2025-11-14T03:14:52,,denied,
2025-11-14T03:14:52,,denied,
2025-11-14T03:14:52,,denied,
2025-11-14T03:14:53,,denied,
2025-11-14T03:14:53,,denied,
2025-11-14T03:14:53,,denied,
2025-11-14T03:14:53,,denied,
2025-11-14T03:14:53,,denied,
2025-11-14T03:14:54,,denied,
2025-11-14T03:14:54,,denied,
2025-11-14T03:14:54,,denied,
2025-11-14T03:14:54,,denied,
2025-11-14T03:14:54,,denied,
2025-11-14T03:14:54,,denied,
2025-11-14T03:14:55,,denied,
2025-11-14T03:14:55,,denied,
2025-11-14T03:14:55,,denied,
2025-11-14T03:14:55,,denied,
2025-11-14T03:14:55,,denied,
2025-11-14T03:14:56,,denied,
2025-11-14T03:14:56,,denied,
2025-11-14T03:14:56,,denied,
2025-11-14T03:14:56,,denied,
2025-11-14T03:14:56,,denied,
2025-11-14T03:14:57,,denied,
2025-11-14T03:14:57,,denied,
2025-11-14T03:14:57,,denied,
2025-11-14T03:14:57,,denied,
2025-11-14T03:14:57,,denied,
2025-11-14T03:14:57,,denied,
2025-11-14T03:14:58,,denied,
2025-11-14T03:14:58,,denied,
2025-11-14T03:14:58,,denied,
2025-11-14T03:14:58,,denied,
2025-11-14T03:14:58,,denied,
2025-11-14T03:14:59,,denied,
2025-11-14T03:14:59,,denied,
2025-11-14T03:14:59,,denied,
2025-11-14T03:14:59,,denied,
2025-11-14T03:14:59,,denied,
2025-11-14T03:14:59,,denied,
2025-11-14T03:15:00,,denied,
2025-11-14T03:15:00,,denied,
2025-11-14T03:15:00,,denied,
2025-11-14T03:15:00,,denied,
2025-11-14T03:15:00,,denied,
2025-11-14T03:15:01,,denied,
2025-11-14T03:15:01,,denied,
2025-11-14T03:15:01,,denied,
2025-11-14T03:15:01,,denied,
2025-11-14T03:15:01,,denied,
2025-11-14T03:15:02,,denied,
2025-11-14T03:15:02,,denied,
2025-11-14T03:15:02,,denied,
2025-11-14T03:15:02,,denied,
2025-11-14T03:15:02,,denied,
2025-11-14T03:15:02,,denied,
2025-11-14T03:15:03,,denied,
2025-11-14T03:15:03,,denied,
2025-11-14T03:15:03,,denied,
2025-11-14T03:15:03,,denied,
2025-11-14T03:15:03,,denied,
2025-11-14T03:15:04,,denied,
2025-11-14T03:15:04,,denied,
2025-11-14T03:15:04,,denied,
2025-11-14T03:15:04,,denied,
2025-11-14T03:15:04,,denied,
2025-11-14T03:15:04,,denied,
2025-11-14T03:15:05,,denied,
2025-11-14T03:15:05,,denied,
2025-11-14T03:15:05,,denied,
2025-11-14T03:15:05,,denied,
2025-11-14T03:15:05,,denied,
2025-11-14T03:15:06,,denied,
2025-11-14T03:15:06,,denied,
2025-11-14T03:15:06,,denied,
2025-11-14T03:15:06,,denied,
2025-11-14T03:15:06,,denied,
2025-11-14T03:15:06,,denied,
2025-11-14T03:15:07,,denied,
2025-11-14T03:15:07,,denied,
2025-11-14T03:15:07,,denied,
2025-11-14T03:15:07,,denied,
2025-11-14T03:15:07,,denied,
2025-11-14T03:15:08,,denied,
2025-11-14T03:15:08,,denied,
2025-11-14T03:15:08,,denied,
2025-11-14T03:15:08,,denied,
2025-11-14T03:15:08,,denied,
2025-11-14T03:15:08,,denied,
2025-11-14T03:15:09,,denied,
2025-11-14T03:15:09,,denied,
2025-11-14T03:15:09,,denied,
2025-11-14T03:15:09,,denied,
2025-11-14T03:15:09,,denied,
2025-11-14T03:15:10,,denied,
2025-11-14T03:15:10,,denied,
2025-11-14T03:15:10,,denied,
2025-11-14T03:15:10,,denied,
2025-11-14T03:15:10,,denied,
2025-11-14T03:15:11,,denied,
2025-11-14T03:15:11,,denied,
2025-11-14T03:15:11,,denied,
2025-11-14T03:15:11,,denied,
2025-11-14T03:15:11,,denied,
2025-11-14T03:15:11,,denied,
2025-11-14T03:15:12,,denied,
2025-11-14T03:15:12,,denied,
2025-11-14T03:15:12,,denied,
2025-11-14T03:15:12,,denied,
2025-11-14T03:15:12,,denied,
2025-11-14T03:15:13,,denied,
2025-11-14T03:15:13,,denied,
2025-11-14T03:15:13,,denied,
2025-11-14T03:15:13,,denied,
2025-11-14T03:15:13,,denied,
2025-11-14T03:15:13,,denied,
2025-11-14T03:15:14,,denied,
2025-11-14T03:15:14,,denied,
2025-11-14T03:15:14,,denied,
2025-11-14T03:15:14,,denied,
2025-11-14T03:15:14,,denied,
2025-11-14T03:15:15,,denied,
2025-11-14T03:15:15,,denied,
2025-11-14T03:15:15,,denied,
2025-11-14T03:15:15,,denied,
2025-11-14T03:15:15,,denied,
2025-11-14T03:15:16,,denied,
2025-11-14T03:15:16,,denied,
2025-11-14T03:15:16,,denied,
2025-11-14T03:15:16,,denied,
2025-11-14T03:15:16,,denied,
2025-11-14T03:15:16,,denied,
2025-11-14T03:15:17,,denied,
2025-11-14T03:15:17,,denied,
2025-11-14T03:15:17,,denied,
2025-11-14T03:15:17,,denied,
2025-11-14T03:15:17,,denied,
2025-11-14T03:15:18,,denied,
2025-11-14T03:15:18,,denied,
2025-11-14T03:15:18,,denied,
2025-11-14T03:15:18,,denied,
2025-11-14T03:15:18,,denied,
2025-11-14T03:15:18,,denied,
2025-11-14T03:15:19,,denied,
2025-11-14T03:15:19,,denied,
2025-11-14T03:15:19,,denied,
2025-11-14T03:15:19,,denied,
2025-11-14T03:15:19,,denied,
2025-11-14T03:15:20,,denied,
2025-11-14T03:15:20,,denied,
2025-11-14T03:15:20,,denied,
2025-11-14T03:15:20,,denied,
2025-11-14T03:15:20,,denied,
2025-11-14T03:15:20,,denied,
2025-11-14T03:15:21,,denied,
2025-11-14T03:15:21,,denied,
2025-11-14T03:15:21,,denied,
2025-11-14T03:15:21,,denied,
2025-11-14T03:15:21,,denied,
2025-11-14T03:15:22,,denied,
2025-11-14T03:15:22,,denied,
2025-11-14T03:15:22,,denied,
2025-11-14T03:15:22,,denied,
2025-11-14T03:15:22,,denied,
2025-11-14T03:15:23,,denied,
2025-11-14T03:15:23,,denied,
2025-11-14T03:15:23,,denied,
2025-11-14T03:15:23,,denied,
2025-11-14T03:15:23,,denied,
2025-11-14T03:15:23,,denied,
2025-11-14T03:15:24,,denied,
2025-11-14T03:15:24,,denied,
2025-11-14T03:15:24,,denied,
2025-11-14T03:15:24,,denied,
2025-11-14T03:15:24,,denied,
2025-11-14T03:15:25,,denied,
2025-11-14T03:15:25,,denied,
2025-11-14T03:15:25,,denied,
2025-11-14T03:15:25,,denied,
2025-11-14T03:15:25,,denied,
2025-11-14T03:15:25,,denied,
2025-11-14T03:15:26,,denied,
2025-11-14T03:15:26,,denied,
2025-11-14T03:15:26,,denied,
2025-11-14T03:15:26,,denied,
2025-11-14T03:15:26,,denied,
2025-11-14T03:15:27,,denied,
2025-11-14T03:15:27,,denied,
2025-11-14T03:15:27,,denied,
2025-11-14T03:15:27,,denied,
2025-11-14T03:15:27,,denied,
2025-11-14T03:15:27,,denied,
2025-11-14T03:15:28,,denied,
2025-11-14T03:15:28,,denied,
2025-11-14T03:15:28,,denied,
2025-11-14T03:15:28,,denied,
2025-11-14T03:15:28,,denied,
2025-11-14T03:15:29,,denied,
2025-11-14T03:15:29,,denied,
2025-11-14T03:15:29,,denied,
2025-11-14T03:15:29,,denied,
2025-11-14T03:15:29,,denied,
2025-11-14T03:15:30,,denied,
2025-11-14T03:15:30,,denied,
2025-11-14T03:15:30,,denied,
2025-11-14T03:15:30,,denied,
2025-11-14T03:15:30,,denied,
2025-11-14T03:15:30,,denied,
2025-11-14T03:15:31,,denied,
2025-11-14T03:15:31,,denied,
2025-11-14T03:15:31,,denied,
2025-11-14T03:15:31,,denied,
2025-11-14T03:15:31,,denied,
2025-11-14T03:15:32,,denied,
2025-11-14T03:15:32,,denied,
2025-11-14T03:15:32,,denied,
2025-11-14T03:15:32,,denied,
2025-11-14T03:15:32,,denied,
2025-11-14T03:15:33,,denied,
2025-11-14T03:15:33,,denied,
2025-11-14T03:15:33,,denied,
2025-11-14T03:15:33,,denied,
2025-11-14T03:15:33,,denied,
2025-11-14T03:15:33,,denied,
2025-11-14T03:15:34,,denied,
2025-11-14T03:15:34,,denied,
2025-11-14T03:15:34,,denied,
2025-11-14T03:15:34,,denied,
2025-11-14T03:15:34,,denied,
2025-11-14T03:15:35,,denied,
2025-11-14T03:15:35,,denied,
2025-11-14T03:15:35,,denied,
2025-11-14T03:15:35,,denied,
2025-11-14T03:15:35,,denied,
2025-11-14T03:15:36,,denied,
2025-11-14T03:15:36,,denied,
2025-11-14T03:15:36,,denied,
2025-11-14T03:15:36,,denied,
2025-11-14T03:15:36,,denied,
2025-11-14T03:15:37,,denied,
2025-11-14T03:15:37,,denied,
2025-11-14T03:15:37,,denied,
2025-11-14T03:20:04,,denied,
2025-11-14T03:20:05,,denied,
2025-11-14T03:20:05,,denied,
2025-11-14T03:20:05,,denied,
2025-11-14T03:20:05,,denied,
2025-11-14T03:20:05,,denied,
2025-11-14T03:20:06,,denied,
2025-11-14T03:20:06,,denied,
2025-11-14T03:20:06,,denied,
2025-11-14T03:20:06,,denied,
2025-11-14T03:20:06,,denied,
2025-11-14T03:20:07,,denied,
2025-11-14T03:20:07,,denied,
2025-11-14T03:20:07,,denied,
2025-11-14T03:20:07,,denied,
2025-11-14T03:20:07,,denied,
2025-11-14T03:20:07,,denied,
2025-11-14T03:20:08,,denied,
2025-11-14T03:20:08,,denied,
2025-11-14T03:20:08,,denied,
2025-11-14T03:20:08,,denied,
2025-11-14T03:20:08,,denied,
2025-11-14T03:20:09,,denied,
2025-11-14T03:20:09,,denied,
2025-11-14T03:20:09,,denied,
2025-11-14T03:20:09,,denied,
2025-11-14T03:20:10,,denied,
2025-11-14T03:20:10,,denied,
2025-11-14T03:20:10,,denied,
2025-11-14T03:20:10,,denied,
2025-11-14T03:20:10,,denied,
2025-11-14T03:20:11,,denied,
2025-11-14T03:20:11,,denied,
2025-11-14T03:20:11,,denied,
2025-11-14T03:20:11,,denied,
2025-11-14T03:20:11,,denied,
2025-11-14T03:20:11,,denied,
2025-11-14T03:20:12,,denied,
2025-11-14T03:20:12,,denied,
2025-11-14T03:20:12,,denied,
2025-11-14T03:20:12,,denied,
2025-11-14T03:20:12,,denied,
2025-11-14T03:20:13,,denied,
2025-11-14T03:20:13,,denied,
2025-11-14T03:20:13,,denied,
2025-11-14T03:20:13,,denied,
2025-11-14T03:20:13,,denied,
2025-11-14T03:20:14,,denied,
2025-11-14T03:20:14,,denied,
2025-11-14T03:20:14,,denied,
2025-11-14T03:20:14,,denied,
2025-11-14T03:20:14,,denied,
2025-11-14T03:20:15,,denied,
2025-11-14T03:20:15,,denied,
2025-11-14T03:20:15,,denied,
2025-11-14T03:20:15,,denied,
2025-11-14T03:20:15,,denied,
2025-11-14T03:20:15,,denied,
2025-11-14T03:20:16,,denied,
2025-11-14T03:20:16,,denied,
2025-11-14T03:20:16,,denied,
2025-11-14T03:20:16,,denied,
2025-11-14T03:20:16,,denied,
2025-11-14T03:20:17,,denied,
2025-11-14T03:20:17,,denied,
2025-11-14T03:20:17,,denied,
2025-11-14T03:20:17,,denied,
2025-11-14T03:20:17,,denied,
2025-11-14T03:20:18,,denied,
2025-11-14T03:20:18,,denied,
2025-11-14T03:20:18,,denied,
2025-11-14T03:20:18,,denied,
2025-11-14T03:20:18,,denied,
2025-11-14T03:20:19,,denied,
2025-11-14T03:20:19,,denied,
2025-11-14T03:20:19,,denied,
2025-11-14T03:20:19,,denied,
2025-11-14T03:20:19,,denied,
2025-11-14T03:20:19,,denied,
2025-11-14T03:20:20,,denied,
2025-11-14T03:20:20,,denied,
2025-11-14T03:20:20,,denied,
2025-11-14T03:20:20,,denied,
2025-11-14T03:20:20,,denied,
2025-11-14T03:20:21,,denied,
2025-11-14T03:20:21,,denied,
2025-11-14T03:20:21,,denied,
2025-11-14T03:20:21,,denied,
2025-11-14T03:20:22,,denied,
2025-11-14T03:20:22,,denied,
2025-11-14T03:20:22,,denied,
2025-11-14T03:20:22,,denied,
2025-11-14T03:20:22,,denied,
2025-11-14T03:20:23,,denied,
2025-11-14T03:20:23,,denied,
2025-11-14T03:20:23,,denied,
2025-11-14T03:20:23,,denied,
2025-11-14T03:20:23,,denied,
2025-11-14T03:20:24,,denied,
2025-11-14T03:20:24,,denied,
2025-11-14T03:20:24,,denied,
2025-11-14T03:20:24,,denied,
2025-11-14T03:20:24,,denied,
2025-11-14T03:20:25,,denied,
2025-11-14T03:20:25,,denied,
2025-11-14T03:20:25,,denied,
2025-11-14T03:20:25,,denied,
2025-11-14T03:20:26,,denied,
2025-11-14T03:20:26,,denied,
2025-11-14T03:20:26,,denied,
2025-11-14T03:24:31,,denied,
2025-11-14T03:24:31,,denied,
2025-11-14T03:24:31,,denied,
2025-11-14T03:24:31,,denied,
2025-11-14T03:24:32,,denied,
2025-11-14T03:24:32,,denied,
2025-11-14T03:24:32,,denied,
2025-11-14T03:24:32,,denied,
2025-11-14T03:24:32,,denied,
2025-11-14T03:24:32,,denied,
2025-11-14T03:24:33,,denied,
2025-11-14T03:24:33,,denied,
2025-11-14T03:24:33,,denied,
2025-11-14T03:24:33,,denied,
2025-11-14T03:24:33,,denied,
2025-11-14T03:24:34,,denied,
2025-11-14T03:24:34,,denied,
2025-11-14T03:24:34,,denied,
2025-11-14T03:24:34,,denied,
2025-11-14T03:24:35,,denied,
2025-11-14T03:24:35,,denied,
2025-11-14T03:24:35,,denied,
2025-11-14T03:24:35,,denied,
2025-11-14T03:24:35,,denied,
2025-11-14T03:24:36,,denied,
2025-11-14T03:24:36,,denied,
2025-11-14T03:24:36,,denied,
2025-11-14T03:24:36,,denied,
2025-11-14T03:24:36,,denied,
2025-11-14T03:24:37,,denied,
2025-11-14T03:24:37,,denied,
2025-11-14T03:24:37,,denied,
2025-11-14T03:24:37,,denied,
2025-11-14T03:24:37,,denied,
2025-11-14T03:24:37,,denied,
2025-11-14T03:24:38,,denied,
2025-11-14T03:24:38,,denied,
2025-11-14T03:24:38,,denied,
2025-11-14T03:24:38,,denied,
2025-11-14T03:24:38,,denied,
2025-11-14T03:24:39,,denied,
2025-11-14T03:24:39,,denied,
2025-11-14T03:24:39,,denied,
2025-11-14T03:24:39,,denied,
2025-11-14T03:24:39,,denied,
2025-11-14T03:24:40,,denied,
2025-11-14T03:24:40,,denied,
2025-11-14T03:24:40,,denied,
2025-11-14T03:24:40,,denied,
2025-11-14T03:24:40,,denied,
2025-11-14T03:24:41,,denied,
2025-11-14T03:24:41,,denied,
2025-11-14T03:24:41,,denied,
2025-11-14T03:24:41,,denied,
2025-11-14T03:24:41,,denied,
2025-11-14T03:24:41,,denied,
2025-11-14T03:24:42,,denied,
2025-11-14T03:24:42,,denied,
2025-11-14T03:24:42,,denied,
2025-11-14T03:24:42,,denied,
2025-11-14T03:24:42,,denied,
2025-11-14T03:24:43,,denied,
2025-11-14T03:24:43,,denied,
2025-11-14T03:24:43,,denied,
2025-11-14T03:24:43,,denied,
2025-11-14T03:24:43,,denied,
2025-11-14T03:24:44,,denied,
2025-11-14T03:24:44,,denied,
2025-11-14T03:24:44,,denied,
2025-11-14T03:24:44,,denied,
2025-11-14T03:24:44,,denied,
2025-11-14T03:24:44,,denied,
2025-11-14T03:24:45,,denied,
2025-11-14T03:24:45,,denied,
2025-11-14T03:24:45,,denied,
2025-11-14T03:24:45,,denied,
2025-11-14T03:24:45,,denied,
2025-11-14T03:24:46,,denied,
2025-11-14T03:24:46,,denied,
2025-11-14T03:24:46,,denied,
2025-11-14T03:24:46,,denied,
2025-11-14T03:24:46,,denied,
2025-11-14T03:24:47,,denied,
2025-11-14T03:24:47,,denied,
2025-11-14T03:24:47,,denied,
2025-11-14T03:24:47,,denied,
2025-11-14T03:24:47,,denied,
2025-11-14T03:24:47,,denied,
2025-11-14T03:24:48,,denied,
2025-11-14T03:24:48,,denied,
2025-11-14T03:24:48,,denied,
2025-11-14T03:24:48,,denied,
2025-11-14T03:24:48,,denied,
2025-11-14T03:24:49,,denied,
2025-11-14T03:24:49,,denied,
2025-11-14T03:24:49,,denied,
2025-11-14T03:24:49,,denied,
2025-11-14T03:24:49,,denied,
2025-11-14T03:24:50,,denied,
2025-11-14T03:24:50,,denied,
2025-11-14T03:24:50,,denied,
2025-11-14T03:24:50,,denied,
2025-11-14T03:24:50,,denied,
2025-11-14T03:24:50,,denied,
2025-11-14T03:24:51,,denied,
2025-11-14T03:24:51,,denied,
2025-11-14T03:24:51,,denied,
2025-11-14T03:24:51,,denied,
2025-11-14T03:24:51,,denied,
2025-11-14T03:24:52,,denied,
2025-11-14T03:24:52,,denied,
2025-11-14T03:24:52,,denied,
2025-11-14T03:24:52,,denied,
2025-11-14T03:24:52,,denied,
2025-11-14T03:24:53,,denied,
2025-11-14T03:24:53,,denied,
2025-11-14T03:24:53,,denied,
2025-11-14T03:24:53,,denied,
2025-11-14T03:24:53,,denied,
2025-11-14T03:24:53,,denied,
2025-11-14T03:24:54,,denied,
2025-11-14T03:24:54,,denied,
2025-11-14T03:24:54,,denied,
2025-11-14T03:24:54,,denied,
2025-11-14T03:24:54,,denied,
2025-11-14T03:24:55,,denied,
2025-11-14T03:24:55,,denied,
2025-11-14T03:24:55,,denied,
2025-11-14T03:24:55,,denied,
2025-11-14T03:24:55,,denied,
2025-11-14T03:24:56,,denied,
2025-11-14T03:24:56,,denied,
2025-11-14T03:24:56,,denied,
2025-11-14T03:24:56,,denied,
2025-11-14T03:24:56,,denied,
2025-11-14T03:24:57,,denied,
2025-11-14T03:24:57,,denied,
2025-11-14T03:24:57,,denied,
2025-11-14T03:24:57,,denied,
2025-11-14T03:24:57,,denied,
2025-11-14T03:24:57,,denied,
2025-11-14T03:24:58,,denied,
2025-11-14T03:24:58,,denied,
2025-11-14T03:24:58,,denied,
2025-11-14T03:24:58,,denied,
2025-11-14T03:24:59,,denied,
2025-11-14T03:24:59,,denied,
2025-11-14T03:24:59,,denied,
2025-11-14T03:24:59,,denied,
2025-11-14T03:24:59,,denied,
2025-11-14T03:25:00,,denied,
2025-11-14T03:25:00,,denied,
2025-11-14T03:25:00,,denied,
2025-11-14T03:25:00,,denied,
2025-11-14T03:25:00,,denied,
2025-11-14T03:25:00,,denied,
2025-11-14T03:25:01,,denied,
2025-11-14T03:25:01,,denied,
2025-11-14T03:25:01,,denied,
2025-11-14T03:25:01,,denied,
2025-11-14T03:25:01,,denied,
2025-11-14T03:25:02,,denied,
2025-11-14T03:25:02,,denied,
2025-11-14T03:25:02,,denied,
2025-11-14T03:25:02,,denied,
2025-11-14T03:25:02,,denied,
2025-11-14T03:25:03,,denied,
2025-11-14T03:25:03,,denied,
2025-11-14T03:25:03,,denied,
2025-11-14T03:25:03,,denied,
2025-11-14T03:25:03,,denied,
2025-11-14T03:25:04,,denied,
2025-11-14T03:25:04,,denied,
2025-11-14T03:25:04,,denied,
2025-11-14T03:25:04,,denied,
2025-11-14T03:25:04,,denied,
2025-11-14T03:25:05,,denied,
2025-11-14T03:25:05,,denied,
2025-11-14T03:25:05,,denied,
2025-11-14T03:25:05,,denied,
2025-11-14T03:25:05,,denied,
2025-11-14T03:25:06,,denied,
2025-11-14T03:25:06,,denied,
2025-11-14T03:25:06,,denied,
2025-11-14T03:25:06,,denied,
2025-11-14T03:25:06,,denied,
2025-11-14T03:25:06,,denied,
2025-11-14T03:25:07,,denied,
2025-11-14T03:25:07,,denied,
2025-11-14T03:25:07,,denied,
2025-11-14T03:25:07,,denied,
2025-11-14T03:25:07,,denied,
2025-11-14T03:25:08,,denied,
2025-11-14T03:25:08,,denied,
2025-11-14T03:25:08,,denied,
2025-11-14T03:25:08,,denied,
2025-11-14T03:25:08,,denied,
2025-11-14T03:25:09,,denied,
2025-11-14T03:25:09,,denied,
2025-11-14T03:25:09,,denied,
2025-11-14T03:25:09,,denied,
2025-11-14T03:25:09,,denied,
2025-11-14T03:25:10,,denied,
2025-11-14T03:25:10,,denied,
2025-11-14T03:25:10,,denied,
2025-11-14T03:25:10,,denied,
2025-11-14T03:25:10,,denied,
2025-11-14T03:25:11,,denied,
2025-11-14T03:25:11,,denied,
2025-11-14T03:25:11,,denied,
2025-11-14T03:25:11,,denied,
2025-11-14T03:25:11,,denied,
2025-11-14T03:25:12,,denied,
2025-11-14T03:25:12,,denied,
2025-11-14T03:25:12,,denied,
2025-11-14T03:25:12,,denied,
2025-11-14T03:25:12,,denied,
2025-11-14T03:25:12,,denied,
2025-11-14T03:25:13,,denied,
2025-11-14T03:25:13,,denied,
2025-11-14T03:25:13,,denied,
2025-11-14T03:25:13,,denied,
2025-11-14T03:25:13,,denied,
2025-11-14T03:25:14,,denied,
2025-11-14T03:25:14,,denied,
2025-11-14T03:25:14,,denied,
2025-11-14T03:25:14,,denied,
2025-11-14T03:25:14,,denied,
2025-11-14T03:25:15,,denied,
2025-11-14T03:25:15,,denied,
2025-11-14T03:25:15,,denied,
2025-11-14T03:25:15,,denied,
2025-11-14T03:25:15,,denied,
2025-11-14T03:25:16,,denied,
2025-11-14T03:25:16,,denied,
2025-11-14T03:25:16,,denied,
2025-11-14T03:25:16,,denied,
2025-11-14T03:25:16,,denied,
2025-11-14T03:25:16,,denied,
2025-11-14T03:25:17,,denied,
2025-11-14T03:25:17,,denied,
2025-11-14T03:25:17,,denied,
2025-11-14T03:25:17,,denied,
2025-11-14T03:25:17,,denied,
2025-11-14T03:25:18,,denied,
2025-11-14T03:25:18,,denied,
2025-11-14T03:25:18,,denied,
2025-11-14T03:25:18,,denied,
2025-11-14T03:25:18,,denied,
2025-11-14T03:25:19,,denied,
2025-11-14T03:25:19,,denied,
2025-11-14T03:25:19,,denied,
2025-11-14T03:25:19,,denied,
2025-11-14T03:25:20,,denied,
2025-11-14T03:25:20,,denied,
2025-11-14T03:25:20,,denied,
2025-11-14T03:25:20,,denied,
2025-11-14T03:25:20,,denied,
2025-11-14T03:25:21,,denied,
2025-11-14T03:25:21,,denied,
2025-11-14T03:25:21,,denied,
2025-11-14T03:25:21,,denied,
2025-11-14T03:25:21,,denied,
2025-11-14T03:25:21,,denied,
2025-11-14T03:25:22,,denied,
2025-11-14T03:25:22,,denied,
2025-11-14T03:25:22,,denied,
2025-11-14T03:25:22,,denied,
2025-11-14T03:25:22,,denied,
2025-11-14T03:25:23,,denied,
2025-11-14T03:25:23,,denied,
2025-11-14T03:25:23,,denied,
2025-11-14T03:25:23,,denied,
2025-11-14T03:25:23,,denied,
2025-11-14T03:25:24,,denied,
2025-11-14T03:25:24,,denied,
2025-11-14T03:25:24,,denied,
2025-11-14T03:25:24,,denied,
2025-11-14T03:25:24,,denied,
2025-11-14T03:25:24,,denied,
2025-11-14T03:25:25,,denied,
2025-11-14T03:25:25,,denied,
2025-11-14T03:25:25,,denied,
2025-11-14T03:25:25,,denied,
2025-11-14T03:25:25,,denied,
2025-11-14T03:25:26,,denied,
2025-11-14T03:25:26,,denied,
2025-11-14T03:25:26,,denied,
2025-11-14T03:25:26,,denied,
2025-11-14T03:25:26,,denied,
2025-11-14T03:25:27,,denied,
2025-11-14T03:25:27,,denied,
2025-11-14T03:25:27,,denied,
2025-11-14T03:25:27,,denied,
2025-11-14T03:25:27,,denied,
2025-11-14T03:25:27,,denied,
2025-11-14T03:25:28,,denied,
2025-11-14T03:25:28,,denied,
2025-11-14T03:25:28,,denied,
2025-11-14T03:25:28,,denied,
2025-11-14T03:25:28,,denied,
2025-11-14T03:25:29,,denied,
2025-11-14T03:25:29,,denied,
2025-11-14T03:25:29,,denied,
2025-11-14T03:25:29,,denied,
2025-11-14T03:25:29,,denied,
2025-11-14T03:25:30,,denied,
2025-11-14T03:25:30,,denied,
2025-11-14T03:25:30,,denied,
2025-11-14T03:25:30,,denied,
2025-11-14T03:25:30,,denied,
2025-11-14T03:25:31,,denied,
2025-11-14T03:25:31,,denied,
2025-11-14T03:25:31,,denied,
2025-11-14T03:25:31,,denied,
2025-11-14T03:25:31,,denied,
2025-11-14T03:25:31,,denied,
2025-11-14T03:25:32,,denied,
2025-11-14T03:25:32,,denied,
2025-11-14T03:25:32,,denied,
2025-11-14T03:25:32,,denied,
2025-11-14T03:25:32,,denied,
2025-11-14T03:25:33,,denied,
2025-11-14T03:25:33,,denied,
2025-11-14T03:25:33,,denied,
2025-11-14T03:25:33,,denied,
2025-11-14T03:25:33,,denied,
2025-11-14T03:25:34,,denied,
2025-11-14T03:25:34,,denied,
2025-11-14T03:25:34,,denied,
2025-11-14T03:25:34,,denied,
2025-11-14T03:25:34,,denied,
2025-11-14T03:25:34,,denied,
2025-11-14T03:25:35,,denied,
2025-11-14T03:25:35,,denied,
2025-11-14T03:25:35,,denied,
2025-11-14T03:25:35,,denied,
2025-11-14T03:25:35,,denied,
2025-11-14T03:25:36,,denied,
2025-11-14T03:25:36,,denied,
2025-11-14T03:25:36,,denied,
2025-11-14T03:25:36,,denied,
2025-11-14T03:25:36,,denied,
2025-11-14T03:25:37,,denied,
2025-11-14T03:25:37,,denied,
2025-11-14T03:25:37,,denied,
2025-11-14T03:25:37,,denied,
2025-11-14T03:25:37,,denied,
2025-11-14T03:25:38,,denied,
2025-11-14T03:25:38,,denied,
2025-11-14T03:25:38,,denied,
2025-11-14T03:25:38,,denied,
2025-11-14T03:25:38,,denied,
2025-11-14T03:25:39,,denied,
2025-11-14T03:25:39,,denied,
2025-11-14T03:25:39,,denied,
2025-11-14T03:25:39,,denied,
2025-11-14T03:25:39,,denied,
2025-11-14T03:25:40,,denied,
2025-11-14T03:25:40,,denied,
2025-11-14T03:25:40,,denied,
2025-11-14T03:25:40,,denied,
2025-11-14T03:25:40,,denied,
2025-11-14T03:25:41,,denied,
2025-11-14T03:25:41,,denied,
2025-11-14T03:25:41,,denied,
2025-11-14T03:25:41,,denied,
2025-11-14T03:25:41,,denied,
2025-11-14T03:25:42,,denied,
2025-11-14T03:25:42,,denied,
2025-11-14T03:25:42,,denied,
2025-11-14T03:25:42,,denied,
2025-11-14T03:25:42,,denied,
2025-11-14T03:25:42,,denied,
2025-11-14T03:25:43,,denied,
2025-11-14T03:25:46,,denied,
2025-11-14T03:25:46,,denied,
2025-11-14T03:25:46,,denied,
2025-11-14T03:25:46,,denied,
2025-11-14T03:25:46,,denied,
2025-11-14T03:25:47,,denied,
2025-11-14T03:25:47,,denied,
2025-11-14T03:25:47,,denied,
2025-11-14T03:25:47,,denied,
2025-11-14T03:25:47,,denied,
2025-11-14T03:25:48,,denied,
2025-11-14T03:25:48,,denied,
2025-11-14T03:25:48,,denied,
2025-11-14T03:25:48,,denied,
2025-11-14T03:25:48,,denied,
2025-11-14T03:25:48,,denied,
2025-11-14T03:25:49,,denied,
2025-11-14T03:25:49,,denied,
2025-11-14T03:25:49,,denied,
2025-11-14T03:25:49,,denied,
2025-11-14T03:25:49,,denied,
2025-11-14T03:25:50,,denied,
2025-11-14T03:25:50,,denied,
2025-11-14T03:25:50,,denied,
2025-11-14T03:25:50,,denied,
2025-11-14T03:25:50,,denied,
2025-11-14T03:25:51,,denied,
2025-11-14T03:25:51,,denied,
2025-11-14T03:25:51,,denied,
2025-11-14T03:25:51,,denied,
2025-11-14T03:25:51,,denied,
2025-11-14T03:25:51,,denied,
2025-11-14T03:25:52,,denied,
2025-11-14T03:25:52,,denied,
2025-11-14T03:25:52,,denied,
2025-11-14T03:25:52,,denied,
2025-11-14T03:25:52,,denied,
2025-11-14T03:25:53,,denied,
2025-11-14T03:25:53,,denied,
2025-11-14T03:25:53,,denied,
2025-11-14T03:25:53,,denied,
2025-11-14T03:25:53,,denied,
2025-11-14T03:25:54,,denied,
2025-11-14T03:25:54,,denied,
2025-11-14T03:25:54,,denied,
2025-11-14T03:25:54,,denied,
2025-11-14T03:25:54,,denied,
2025-11-14T03:25:55,,denied,
2025-11-14T03:25:55,,denied,
2025-11-14T03:25:55,,denied,
2025-11-14T03:25:55,,denied,
2025-11-14T03:25:55,,denied,
2025-11-14T03:25:55,,denied,
2025-11-14T03:25:56,,denied,
2025-11-14T03:25:56,,denied,
2025-11-14T03:25:56,,denied,
2025-11-14T03:25:56,,denied,
2025-11-14T03:25:56,,denied,
2025-11-14T03:25:57,,denied,
2025-11-14T03:25:58,,denied,
2025-11-14T03:25:58,,denied,
2025-11-14T03:25:58,,denied,
2025-11-14T03:25:58,,denied,
2025-11-14T03:25:58,,denied,
2025-11-14T03:25:59,,denied,
2025-11-14T03:25:59,,denied,
2025-11-14T03:25:59,,denied,
2025-11-14T03:25:59,,denied,
2025-11-14T03:25:59,,denied,
2025-11-14T03:26:00,,denied,
2025-11-14T03:26:00,,denied,
2025-11-14T03:26:00,,denied,
2025-11-14T03:26:00,,denied,
2025-11-14T03:26:00,,denied,
2025-11-14T03:26:01,,denied,
2025-11-14T03:26:01,,denied,
2025-11-14T03:26:01,,denied,
2025-11-14T03:26:01,,denied,
2025-11-14T03:26:01,,denied,
2025-11-14T03:26:02,,denied,
2025-11-14T03:26:02,,denied,
2025-11-14T03:26:02,,denied,
2025-11-14T03:26:02,,denied,
2025-11-14T03:26:02,,denied,
2025-11-14T03:26:02,,denied,
2025-11-14T03:26:03,,denied,
2025-11-14T03:26:03,,denied,
2025-11-14T03:26:03,,denied,
2025-11-14T03:26:03,,denied,
2025-11-14T03:26:03,,denied,
2025-11-14T03:26:04,,denied,
2025-11-14T03:26:04,,denied,
2025-11-14T03:26:04,,denied,
2025-11-14T03:26:04,,denied,
2025-11-14T03:26:04,,denied,
2025-11-14T03:26:05,,denied,
2025-11-14T03:26:05,,denied,
2025-11-14T03:26:05,,denied,
2025-11-14T03:26:05,,denied,
2025-11-14T03:26:05,,denied,
2025-11-14T03:26:06,,denied,
2025-11-14T03:26:06,,denied,
2025-11-14T03:26:06,,denied,
2025-11-14T03:26:06,,denied,
2025-11-14T03:26:06,,denied,
2025-11-14T03:26:06,,denied,
2025-11-14T03:26:07,,denied,
2025-11-14T03:26:07,,denied,
2025-11-14T03:26:07,,denied,
2025-11-14T03:26:07,,denied,
2025-11-14T03:26:07,,denied,
2025-11-14T03:26:08,,denied,
2025-11-14T03:26:08,,denied,
2025-11-14T03:26:08,,denied,
2025-11-14T03:26:08,,denied,
2025-11-14T03:26:08,,denied,
2025-11-14T03:26:09,,denied,
2025-11-14T03:26:09,,denied,
2025-11-14T03:26:09,,denied,
2025-11-14T03:26:09,,denied,
2025-11-14T03:26:10,,denied,
2025-11-14T03:26:10,,denied,
2025-11-14T03:26:11,,denied,
2025-11-14T03:26:11,,denied,
2025-11-14T03:26:11,,denied,
2025-11-14T03:26:11,,denied,
2025-11-14T03:26:11,,denied,
2025-11-14T03:26:12,,denied,
2025-11-14T03:26:12,,denied,
2025-11-14T03:26:13,,denied,
2025-11-14T03:26:14,,denied,
2025-11-14T03:26:14,,denied,
2025-11-14T03:26:14,,denied,
2025-11-14T03:26:14,,denied,
2025-11-14T03:26:14,,denied,
2025-11-14T03:26:15,,denied,
2025-11-14T03:26:15,,denied,
2025-11-14T03:26:15,,denied,
2025-11-14T03:26:15,,denied,
2025-11-14T03:26:15,,denied,
2025-11-14T03:26:15,,denied,
2025-11-14T03:26:16,,denied,
2025-11-14T03:26:16,,denied,
2025-11-14T03:26:16,,denied,
2025-11-14T03:26:17,,denied,
2025-11-14T03:26:17,,denied,
2025-11-14T03:26:17,,denied,
2025-11-14T03:26:17,,denied,
2025-11-14T03:26:17,,denied,
2025-11-14T03:26:18,,denied,
2025-11-14T03:26:18,,denied,
2025-11-14T03:26:18,,denied,
2025-11-14T03:26:18,,denied,
2025-11-14T03:26:18,,denied,
2025-11-14T03:26:18,,denied,
2025-11-14T03:26:19,,denied,
2025-11-14T03:26:19,,denied,
2025-11-14T03:26:19,,denied,
2025-11-14T03:26:19,,denied,
2025-11-14T03:26:19,,denied,
2025-11-14T03:26:20,,denied,
2025-11-14T03:26:20,,denied,
2025-11-14T03:26:20,,denied,
2025-11-14T03:26:20,,denied,
2025-11-14T03:26:21,,denied,
2025-11-14T03:26:21,,denied,
2025-11-14T03:26:21,,denied,
2025-11-14T03:26:21,,denied,
2025-11-14T03:26:21,,denied,
2025-11-14T03:26:22,,denied,
2025-11-14T03:26:22,,denied,
2025-11-14T03:26:22,,denied,
2025-11-14T03:26:22,,denied,
2025-11-14T03:26:22,,denied,
2025-11-14T03:26:23,,denied,
2025-11-14T03:26:23,,denied,
2025-11-14T03:26:23,,denied,
2025-11-14T03:26:23,,denied,
2025-11-14T03:26:23,,denied,
2025-11-14T03:26:24,,denied,
2025-11-14T03:26:24,,denied,
2025-11-14T03:26:24,,denied,
2025-11-14T03:26:24,,denied,
2025-11-14T03:26:24,,denied,
2025-11-14T03:26:24,,denied,
2025-11-14T03:26:25,,denied,
2025-11-14T03:26:25,,denied,
2025-11-14T03:26:25,,denied,
2025-11-14T03:26:25,,denied,
2025-11-14T03:26:25,,denied,
2025-11-14T03:26:26,,denied,
2025-11-14T03:26:26,,denied,
2025-11-14T03:26:26,,denied,
2025-11-14T03:26:26,,denied,
2025-11-14T03:26:26,,denied,
2025-11-14T03:26:27,,denied,
2025-11-14T03:26:27,,denied,
2025-11-14T03:26:27,,denied,
2025-11-14T03:26:27,,denied,
2025-11-14T03:26:27,,denied,
2025-11-14T03:26:28,,denied,
2025-11-14T03:26:28,,denied,
2025-11-14T03:26:28,,denied,
2025-11-14T03:26:28,,denied,
2025-11-14T03:26:28,,denied,
2025-11-14T03:26:28,,denied,
2025-11-14T03:26:29,,denied,
2025-11-14T03:26:29,,denied,
2025-11-14T03:26:29,,denied,
2025-11-14T03:26:29,,denied,
2025-11-14T03:26:29,,denied,
2025-11-14T03:26:30,,denied,
2025-11-14T03:26:30,,denied,
2025-11-14T03:26:30,,denied,
2025-11-14T03:26:30,,denied,
2025-11-14T03:26:30,,denied,
2025-11-14T03:26:30,,denied,
2025-11-14T03:26:31,,denied,
2025-11-14T03:26:31,,denied,
2025-11-14T03:26:31,,denied,
2025-11-14T03:26:31,,denied,
2025-11-14T03:26:31,,denied,
2025-11-14T03:26:32,,denied,
2025-11-14T03:26:32,,denied,
2025-11-14T03:26:32,,denied,
2025-11-14T03:26:32,,denied,
2025-11-14T03:26:32,,denied,
2025-11-14T03:26:33,,denied,
2025-11-14T03:26:33,,denied,
2025-11-14T03:26:33,,denied,
2025-11-14T03:26:33,,denied,
2025-11-14T03:26:33,,denied,
2025-11-14T03:26:34,,denied,
2025-11-14T03:26:34,,denied,
2025-11-14T03:26:34,,denied,
2025-11-14T03:26:34,,denied,
2025-11-14T03:26:34,,denied,
2025-11-14T03:26:35,,denied,
2025-11-14T03:26:35,,denied,
2025-11-14T03:26:35,,denied,
2025-11-14T03:26:35,,denied,
2025-11-14T03:26:35,,denied,
2025-11-14T03:26:36,,denied,
2025-11-14T03:26:36,,denied,
2025-11-14T03:26:36,,denied,
2025-11-14T03:26:36,,denied,
2025-11-14T03:26:36,,denied,
2025-11-14T03:26:36,,denied,
2025-11-14T03:26:37,,denied,
2025-11-14T03:26:37,,denied,
2025-11-14T03:26:37,,denied,
2025-11-14T03:26:37,,denied,
2025-11-14T03:26:37,,denied,
2025-11-14T03:26:38,,denied,
2025-11-14T03:26:38,,denied,
2025-11-14T03:26:38,,denied,
2025-11-14T03:26:38,,denied,
2025-11-14T03:26:38,,denied,
2025-11-14T03:26:39,,denied,
2025-11-14T03:26:39,,denied,
2025-11-14T03:26:39,,denied,
2025-11-14T03:26:39,,denied,
2025-11-14T03:26:39,,denied,
2025-11-14T03:26:40,,denied,
2025-11-14T03:26:40,,denied,
2025-11-14T03:26:40,,denied,
2025-11-14T03:26:40,,denied,
2025-11-14T03:26:40,,denied,
2025-11-14T03:26:41,,denied,
2025-11-14T03:26:41,,denied,
2025-11-14T03:26:41,,denied,
2025-11-14T03:26:41,,denied,
2025-11-14T03:26:41,,denied,
2025-11-14T03:26:41,,denied,
2025-11-14T03:26:42,,denied,
2025-11-14T03:26:42,,denied,
2025-11-14T03:26:42,,denied,
2025-11-14T03:26:42,,denied,
2025-11-14T03:26:42,,denied,
2025-11-14T03:26:43,,denied,
2025-11-14T03:26:43,,denied,
2025-11-14T03:26:43,,denied,
2025-11-14T03:26:43,,denied,
2025-11-14T03:26:43,,denied,
2025-11-14T03:26:44,,denied,
2025-11-14T03:26:44,,denied,
2025-11-14T03:26:44,,denied,
2025-11-14T03:26:44,,denied,
2025-11-14T03:26:44,,denied,
2025-11-14T03:26:44,,denied,
2025-11-14T03:26:45,,denied,
2025-11-14T03:26:45,,denied,
2025-11-14T03:26:45,,denied,
2025-11-14T03:26:45,,denied,
2025-11-14T03:26:45,,denied,
2025-11-14T03:26:46,,denied,
2025-11-14T03:26:46,,denied,
2025-11-14T03:26:46,,denied,
2025-11-14T03:26:46,,denied,
2025-11-14T03:26:46,,denied,
2025-11-14T03:26:47,,denied,
2025-11-14T03:26:47,,denied,
2025-11-14T03:26:47,,denied,
2025-11-14T03:26:47,,denied,
2025-11-14T03:26:47,,denied,
2025-11-14T03:26:47,,denied,
2025-11-14T03:26:48,,denied,
2025-11-14T03:26:48,,denied,
2025-11-14T03:26:48,,denied,
2025-11-14T03:26:48,,denied,
2025-11-14T03:26:48,,denied,
2025-11-14T03:26:49,,denied,
2025-11-14T03:26:49,,denied,
2025-11-14T03:26:49,,denied,
2025-11-14T03:26:49,,denied,
2025-11-14T03:26:49,,denied,
2025-11-14T03:26:50,,denied,
2025-11-14T03:26:50,,denied,
2025-11-14T03:26:50,,denied,
2025-11-14T03:26:50,,denied,
2025-11-14T03:26:50,,denied,
2025-11-14T03:26:50,,denied,
2025-11-14T03:26:51,,denied,
2025-11-14T03:26:51,,denied,
2025-11-14T03:26:51,,denied,
2025-11-14T03:26:51,,denied,
2025-11-14T03:26:51,,denied,
2025-11-14T03:26:52,,denied,
2025-11-14T03:26:52,,denied,
2025-11-14T03:26:52,,denied,
2025-11-14T03:26:52,,denied,
2025-11-14T03:26:52,,denied,
2025-11-14T03:26:53,,denied,
2025-11-14T03:26:53,,denied,
2025-11-14T03:26:53,,denied,
2025-11-14T03:26:53,,denied,
2025-11-14T03:26:53,,denied,
2025-11-14T03:26:54,,denied,
2025-11-14T03:26:54,,denied,
2025-11-14T03:26:54,,denied,
2025-11-14T03:26:54,,denied,
2025-11-14T03:26:54,,denied,
2025-11-14T03:26:54,,denied,
2025-11-14T03:26:55,,denied,
2025-11-14T03:26:55,,denied,
2025-11-14T03:26:55,,denied,
2025-11-14T03:26:55,,denied,
2025-11-14T03:26:55,,denied,
2025-11-14T03:26:56,,denied,
2025-11-14T03:26:56,,denied,
2025-11-14T03:26:56,,denied,
2025-11-14T03:26:56,,denied,
2025-11-14T03:26:56,,denied,
2025-11-14T03:26:57,,denied,
2025-11-14T03:26:57,,denied,
2025-11-14T03:26:57,,denied,
2025-11-14T03:26:57,,denied,
2025-11-14T03:26:57,,denied,
2025-11-14T03:26:57,,denied,
2025-11-14T03:26:58,,denied,
2025-11-14T03:26:58,,denied,
2025-11-14T03:26:58,,denied,
2025-11-14T03:26:58,,denied,
2025-11-14T03:26:58,,denied,
2025-11-14T03:26:59,,denied,
2025-11-14T03:26:59,,denied,
2025-11-14T03:26:59,,denied,
2025-11-14T03:26:59,,denied,
2025-11-14T03:26:59,,denied,
2025-11-14T03:27:00,,denied,
2025-11-14T03:27:00,,denied,
2025-11-14T03:27:00,,denied,
2025-11-14T03:27:00,,denied,
2025-11-14T03:27:00,,denied,
2025-11-14T03:27:00,,denied,
2025-11-14T03:27:01,,denied,
2025-11-14T03:27:01,,denied,
2025-11-14T03:27:01,,denied,
2025-11-14T03:27:01,,denied,
2025-11-14T03:27:01,,denied,
2025-11-14T03:27:02,,denied,
2025-11-14T03:27:02,,denied,
2025-11-14T03:27:02,,denied,
2025-11-14T03:27:02,,denied,
2025-11-14T03:27:02,,denied,
2025-11-14T03:27:03,,denied,
2025-11-14T03:27:03,,denied,
2025-11-14T03:27:03,,denied,
2025-11-14T03:27:03,,denied,
2025-11-14T03:27:03,,denied,
2025-11-14T03:27:04,,denied,
2025-11-14T03:27:04,,denied,
2025-11-14T03:27:04,,denied,
2025-11-14T03:27:04,,denied,
2025-11-14T03:27:04,,denied,
2025-11-14T03:27:04,,denied,
2025-11-14T03:27:05,,denied,
2025-11-14T03:27:05,,denied,
2025-11-14T03:27:05,,denied,
2025-11-14T03:27:06,,denied,
2025-11-14T03:27:06,,denied,
2025-11-14T03:27:06,,denied,
2025-11-14T03:27:06,,denied,
2025-11-14T03:27:07,,denied,
2025-11-14T03:27:07,,denied,
2025-11-14T03:27:07,,denied,
2025-11-14T03:27:07,,denied,
2025-11-14T03:27:08,,denied,
2025-11-14T03:27:08,,denied,
2025-11-14T03:27:08,,denied,
2025-11-14T03:27:08,,denied,
2025-11-14T03:27:08,,denied,
2025-11-14T03:27:09,,denied,
2025-11-14T03:27:09,,denied,
2025-11-14T03:27:09,,denied,
2025-11-14T03:27:09,,denied,
2025-11-14T03:27:10,,denied,
2025-11-14T03:27:10,,denied,
2025-11-14T03:27:10,,denied,
2025-11-14T03:27:10,,denied,
2025-11-14T03:27:10,,denied,
2025-11-14T03:27:10,,denied,
2025-11-14T03:27:11,,denied,
2025-11-14T03:27:11,,denied,
2025-11-14T03:27:11,,denied,
2025-11-14T03:27:11,,denied,
2025-11-14T03:27:11,,denied,
2025-11-14T03:27:12,,denied,
2025-11-14T03:27:12,,denied,
2025-11-14T03:27:12,,denied,
2025-11-14T03:27:12,,denied,
2025-11-14T03:27:12,,denied,
2025-11-14T03:27:13,,denied,
2025-11-14T03:27:14,,denied,
2025-11-14T03:27:14,,denied,
2025-11-14T03:27:14,,denied,
2025-11-14T03:27:14,,denied,
2025-11-14T03:27:14,,denied,
2025-11-14T03:27:15,,denied,
2025-11-14T03:27:15,,denied,
2025-11-14T03:27:15,,denied,
2025-11-14T03:27:15,,denied,
2025-11-14T03:27:16,,denied,
2025-11-14T03:27:16,,denied,
2025-11-14T03:27:16,,denied,
2025-11-14T03:27:16,,denied,
2025-11-14T03:27:16,,denied,
2025-11-14T03:27:17,,denied,
2025-11-14T03:27:17,,denied,
2025-11-14T03:27:17,,denied,
2025-11-14T03:27:17,,denied,
2025-11-14T03:27:17,,denied,
2025-11-14T03:27:18,,denied,
2025-11-14T03:27:18,,denied,
2025-11-14T03:27:18,,denied,
2025-11-14T03:27:18,,denied,
2025-11-14T03:27:18,,denied,
2025-11-14T03:27:19,,denied,
2025-11-14T03:27:19,,denied,
2025-11-14T03:27:19,,denied,
2025-11-14T03:27:19,,denied,
2025-11-14T03:27:19,,denied,
2025-11-14T03:27:19,,denied,
2025-11-14T03:27:20,,denied,
2025-11-14T03:27:20,,denied,
2025-11-14T03:27:20,,denied,
2025-11-14T03:27:20,,denied,
2025-11-14T03:27:21,,denied,
2025-11-14T03:27:21,,denied,
2025-11-14T03:27:21,,denied,
2025-11-14T03:27:21,,denied,
2025-11-14T03:27:21,,denied,
2025-11-14T03:27:22,,denied,
2025-11-14T03:27:22,,denied,
2025-11-14T03:27:22,,denied,
2025-11-14T03:27:22,,denied,
